6a_Influential_mutations,6a_DiseaseAssociated_influential,6a_AllExperimentallyCharacterisedMutations,6b_Sector_A,6c_Sector_B,6d_NMR,6e_SHP2,6e_D2
109,109,8,92,20,19,32,150
176,122,25,107,23,49,46,151
178,123,69,169,35,72,47,186
184,133,74,171,36,83,48,187
185,135,92,173,38,107,49,189
192,139,109,176,39,113,52,190
193,143,112,179,40,119,118,196
254,151,113,180,41,134,120,197
259,156,122,181,44,142,181,276
295,159,135,183,45,144,182,149
27,162,152,184,46,155,183,
109,163,153,185,48,160,216,
254,164,175,191,49,163,217,
259,168,176,192,51,171,219,
11,169,177,194,52,172,220,
89,170,178,198,53,184,221,
118,172,184,199,54,195,258,
254,173,185,210,55,212,259,
258,18,186,212,56,219,262,
251,180,187,213,57,227,263,
227,184,189,214,59,232,264,
115,185,192,215,65,233,266,
28,186,193,216,66,234,,
89,192,196,217,67,249,,
164,196,235,218,68,250,,
185,199,254,219,69,260,,
237,205,259,220,70,261,,
56,209,280,221,72,267,,
69,21,282,222,82,272,,
177,210,292,223,85,274,,
152,22,295,224,86,275,,
153,225,152,226,88,287,,
210,227,153,229,91,294,,
225,230,9,254,95,110,,
52,233,27,257,96,140,,
70,237,8,262,173,281,,
258,24,24,263,,,,
189,241,109,266,,,,
196,247,210,269,,,,
92,251,225,,,,,
112,253,254,,,,,
122,254,258,,,,,
135,257,259,,,,,
175,258,265,,,,,
186,259,268,,,,,
187,260,11,,,,,
235,263,89,,,,,
292,265,118,,,,,
,268,254,,,,,
,272,258,,,,,
,274,251,,,,,
,277,60,,,,,
,28,227,,,,,
,282,24,,,,,
,29,115,,,,,
,45,28,,,,,
,51,89,,,,,
,52,164,,,,,
,54,185,,,,,
,56,237,,,,,
,60,52,,,,,
,63,56,,,,,
,67,70,,,,,
,69,258,,,,,
,70,28,,,,,
,71,170,,,,,
,72,233,,,,,
,74,,,,,,
,76,,,,,,
,79,,,,,,
,8,,,,,,
,80,,,,,,
,82,,,,,,
,87,,,,,,
,89,,,,,,
,9,,,,,,
,93,,,,,,
,11,,,,,,
,112,,,,,,
,115,,,,,,
,118,,,,,,
,152,,,,,,
,153,,,,,,
,175,,,,,,
,176,,,,,,
,177,,,,,,
,178,,,,,,
,187,,,,,,
,189,,,,,,
,193,,,,,,
,235,,,,,,
,27,,,,,,
,292,,,,,,
,295,,,,,,
,92,,,,,,